{"V4": [-5.68317119816995, 16.8753440335975], "V10": [-24.5882624372475, 23.7451361206545], "V12": [-18.6837146333443, 7.8483920756446], "V14": [-19.2143254902614, 10.5267660517847], "V20": [-54.497720494566, 39.4209042482199]}